0000001e06200335,ERR
0000001e06200156,ERR
0000001e062002d0,ERR
0000001e06102bea,ERR
0000001e0620025e,ERR
0000001e062001b9,ERR
0000001e06102bf3,ERR
0000001e0620030d,ERR
0000001e06200360,ERR
0000001e06200364,ERR
0000001e0620014f,ERR
0000001e06200193,ERR
0000001e0620015e,ERR
0000001e0620026c,ERR
0000001e06200159,ERR
0000001e06107d72,ERR
0000001e06107ce5,ERR
0000001e06107cd5,ERR
0000001e06107cc5,ERR
0000001e06107e4c,ERR
0000001e06107e2c,ERR
0000001e06107d6b,OK
0000001e06321f65,ERR
0000001e06107cdc,OK
0000001e06108875,OK
0000001e06107d7f,ERR
0000001e06107ce4,ERR
0000001e06102bdc,ERR
0000001e061089fa,OK
0000001e06107ff0,ERR
0000001e06108905,ERR
0000001e061089c0,OK
0000001e0620015c,ERR
0000001e06107d97,ERR
0000001e06200189,ERR
0000001e061089cd,ERR
0000001e06108081,ERR
0000001e0610893c,OK
0000001e06107e5d,OK
0000001e061089f9,OK
0000001e06107c9e,ERR
0000001e06200367,ERR
0000001e06108202,ERR
0000001e0610889b,ERR
0000001e0610890a,ERR
0000001e06107ffa,ERR
0000001e061089d3,ERR
0000001e061088c8,OK
0000001e061089e5,ERR
0000001e06200325,ERR
0000001e06108a7b,ERR
0000001e06200314,ERR
0000001e06107d8c,ERR
0000001e061089f6,ERR
0000001e06107cab,ERR
0000001e062002d1,ERR
0000001e062001c4,ERR
0000001e061089e1,ERR
0000001e06107d6c,ERR
0000001e06108299,ERR
0000001e061089c8,ERR
0000001e061088ae,ERR
0000001e0610893b,ERR
0000001e06107f9e,ERR
0000001e06108883,ERR
0000001e06108a68,ERR
0000001e061089d5,ERR
0000001e0610894a,ERR
0000001e061080a7,ERR
0000001e061089f7,ERR
0000001e061082e2,ERR
0000001e06108a8a,ERR
0000001e06200311,ERR
0000001e06200312,ERR
0000001e061088bf,ERR
0000001e0610ba74,ERR
0000001e0610ba08,ERR
0000001e0610ba72,ERR
0000001e0610bbe9,ERR
