0000001e06200335,v1,2016-03-04
0000001e06200156,v1,2016-09-16
0000001e062002d0,,
0000001e06102bea,v1,2016-08-12
0000001e0620025e,v1,2016-03-26
0000001e062001b9,v2,2016-11-09
0000001e06102bf3,v1,2016-05-11
0000001e0620030d,v1,2016-05-17
0000001e06200360,v1,2016-06-24
0000001e06200364,v1,2016-06-10
0000001e0620014f,v1,2016-06-10
0000001e06200193,,
0000001e0620015e,,
0000001e0620026c,,
0000001e06200159,v2,2016-10-20
0000001e06107d72,v1,2016-08-26
0000001e06107ce5,v1,2016-06-28
0000001e06107cd5,,
0000001e06107cc5,v1,2016-08-10
0000001e06107e4c,v1,2016-10-17
0000001e06107e2c,v1,2016-07-08
0000001e06107d6b,v2,2016-11-29
0000001e06321f65,,
0000001e06107cdc,v1,2016-11-24
0000001e06108875,v1,2016-12-05
0000001e06107d7f,v1,hello
0000001e06107ce4,v1,2037-05-20
0000001e06102bdc,,
0000001e061089fa,v1,2016-12-05
0000001e06107ff0,v1,2016-10-01
0000001e06108905,v1,2025-04-09
0000001e061089c0,v1,2016-09-27
0000001e0620015c,v1,2016-08-31
0000001e06107d97,v1,2016-10-05
0000001e06200189,v1,2016-10-17
0000001e061089cd,v1,2016-10-13
0000001e06108081,v1,2016-11-25
0000001e0610893c,v1,2016-10-23
0000001e06107e5d,v1,2016-12-05
0000001e061089f9,,
0000001e06107c9e,v1,2016-10-14
0000001e06200367,v1,2016-09-19
0000001e06108202,v1,2016-09-30
0000001e0610889b,v2,2016-11-21
0000001e0610890a,v2,2016-10-21
0000001e06107ffa,v1,2016-10-10
0000001e061089d3,v2,2016-10-19
0000001e061088c8,v2,2016-12-01
0000001e061089e5,v2,2016-11-30
0000001e06200325,v2,2016-11-30
0000001e06108a7b,v2,2016-11-10
0000001e06200314,v2,2016-11-15
0000001e06107d8c,v2,2016-11-14
0000001e061089f6,v2,2016-11-16
0000001e06107cab,v2,2016-10-21
0000001e062002d1,v2,2016-11-15
0000001e062001c4,,
0000001e061089e1,v2,2016-10-21
0000001e06107d6c,,
0000001e06108299,,
0000001e061089c8,v2,2016-11-16
0000001e061088ae,,
0000001e0610893b,v2,2022-01-11
0000001e06107f9e,v2,2016-11-16
0000001e06108883,v2,2016-10-24
0000001e06108a68,v2,2016-11-12
0000001e061089d5,v2,2016-11-09
0000001e0610894a,v2,2016-11-16
0000001e061080a7,v2,2016-10-26
0000001e061089f7,v1,2016-11-02
0000001e061082e2,v1,2016-11-02
0000001e06108a8a,,
0000001e06200311,v2,2016-11-10
0000001e06200312,,
0000001e061088bf,v2,2016-11-22
0000001e0610ba74,,
0000001e0610ba08,v2,2016-12-01
0000001e0610ba72,,
0000001e0610bbe9,,
